K4meK14me,ARTKQTARKSTGGKAPRKQLATKAARKSAPATGGVKKPHRYRPGTVALRE,0.6535370709638889,0,False
K9meK14me,ARTKQTARKSTGGKAPRKQLATKAARKSAPATGGVKKPHRYRPGTVALRE,2.098033621365063,0,False
K14me2,ARTKQTARKSTGGKAPRKQLATKAARKSAPATGGVKKPHRYRPGTVALRE,1.9851656181599637,0,False
K4me3K9me,ARTKQTARKSTGGKAPRKQLATKAARKSAPATGGVKKPHRYRPGTVALRE,1.9324314594846643,0,False
K9acK14me,ARTKQTARKSTGGKAPRKQLATKAARKSAPATGGVKKPHRYRPGTVALRE,4.141203005819964,0,False
K18meK27me2,ARTKQTARKSTGGKAPRKQLATKAARKSAPSTGGVKKPHRYRPGTVALRE,0.9870260289977707,0,False
K4me3K9acK14acK18acK27acS28p,ARTKQTARKSTGGKAPRKQLATKAARKSAPATGGVKKPHRYRPGTVALRE,0.38758467611943753,0,False
K4me3K9acK14acK18acK23me3S28p,ARTKQTARKSTGGKAPRKQLATKAARKSAPATGGVKKPHRYRPGTVALRE,0.8228990401511309,0,False
K4acK9acK14acK18me2K23me2,ARTKQTARKSTGGKAPRKQLATKAARKSAPATGGVKKPHRYRPGTVALRE,2.306130049381185,0,False
K4me3K9acK14acK18me2K23me2,ARTKQTARKSTGGKAPRKQLATKAARKSAPATGGVKKPHRYRPGTVALRE,1.4673638535379578,0,False
K4me3K9me3K14acK18me2K23me2,ARTKQTARKSTGGKAPRKQLATKAARKSAPATGGVKKPHRYRPGTVALRE,1.1050956904819094,0,False
S10p,ARTKQTARKSTGGKAPRKQLATKAARKSAPATGGVKKPHRYRPGTVALRE,204.8330337404982,1472.9464075832423,False
S28p,ARTKQTARKSTGGKAPRKQLATKAARKSAPATGGVKKPHRYRPGTVALRE,107.24048192584804,3620.9222199347328,False
K4me3K9me3K14meK18me,ARTKQTARKSTGGKAPRKQLATKAARKSAPATGGVKKPHRYRPGTVALRE,1.75144011000068,0,False
K4me3K9me3K14acK23ac,ARTKQTARKSTGGKAPRKQLATKAARKSAPATGGVKKPHRYRPGTVALRE,0.09294449115501285,0,False
K9me2S10p,ARTKQTARKSTGGKAPRKQLATKAARKSAPATGGVKKPHRYRPGTVALRE,0.6386460251715496,0,False
K4me3K9acK14me3K27me3,ARTKQTARKSTGGKAPRKQLATKAARKSAPATGGVKKPHRYRPGTVALRE,1.1766198832681432,0,False
K9acK14me2K23me2,ARTKQTARKSTGGKAPRKQLATKAARKSAPATGGVKKPHRYRPGTVALRE,0.39986408614207475,0,False
K23me,ARTKQTARKSTGGKAPRKQLATKAARKSAPATGGVKKPHRYRPGTVALRE,2.7598888463096594,0,False
K27me,ARTKQTARKSTGGKAPRKQLATKAARKSAPATGGVKKPHRYRPGTVALRE,14.466613912622227,14999.999997312623,False
K4me,ARTKQTARKSTGGKAPRKQLATKAARKSAPATGGVKKPHRYRPGTVALRE,241.1419030314054,1867.6640241075181,False
K9me,ARTKQTARKSTGGKAPRKQLATKAARKSAPATGGVKKPHRYRPGTVALRE,36.860595659077816,4768.684547724084,False
K14me,ARTKQTARKSTGGKAPRKQLATKAARKSAPATGGVKKPHRYRPGTVALRE,87.15954512761124,1689.8120995606016,False
K4me3K9me3S10pK27acS28pS31p,ARTKQTARKSTGGKAPRKQLATKAARKSAPSTGGVKKPHRYRPGTVALRE,2.5969329091008118,0,False
K4me3K9acS10pK27me2S28pS31p,ARTKQTARKSTGGKAPRKQLATKAARKSAPSTGGVKKPHRYRPGTVALRE,0.5500626068134488,0,False
K4me3K9meS10pS28pS31p,ARTKQTARKSTGGKAPRKQLATKAARKSAPSTGGVKKPHRYRPGTVALRE,11.997039180071823,0,False
K4me3S10pK23meS28pS31p,ARTKQTARKSTGGKAPRKQLATKAARKSAPSTGGVKKPHRYRPGTVALRE,14.818133436251212,0,False
K9acK14acK18acK27acK36me2K37me2,ARTKQTARKSTGGKAPRKQLATKAARKSAPSTGGVKKPHRYRPGTVALRE,23.267208107701183,133.42489677518194,False
K9acK14acK18acK23acK36me2K37me2,ARTKQTARKSTGGKAPRKQLATKAARKSAPSTGGVKKPHRYRPGTVALRE,0.35370972938333983,0,False
K4me3K9acK14acK18acK23me3K27ac,ARTKQTARKSTGGKAPRKQLATKAARKSAPATGGVKKPHRYRPGTVALRE,0.3673967661578798,0,False
K4me3K9acK14acK18acK23acK27ac,ARTKQTARKSTGGKAPRKQLATKAARKSAPATGGVKKPHRYRPGTVALRE,0.5421707103395288,0,False
K4me3K9acK14acK18acK23acK27ac,ARTKQTARKSTGGKAPRKQLATKAARKSAPSTGGVKKPHRYRPGTVALRE,24.017517743189885,6380.502487232759,False
K4me3K9acK14acK18acK23acK27me3,ARTKQTARKSTGGKAPRKQLATKAARKSAPSTGGVKKPHRYRPGTVALRE,3.7139701054741674,0,False
K4me3S10pS28pS31p,ARTKQTARKSTGGKAPRKQLATKAARKSAPSTGGVKKPHRYRPGTVALRE,11.460255011707746,0,False
K9meS10pS28pS31p,ARTKQTARKSTGGKAPRKQLATKAARKSAPSTGGVKKPHRYRPGTVALRE,4.9750897462336425,0,False
S10pK18meS28pS31p,ARTKQTARKSTGGKAPRKQLATKAARKSAPSTGGVKKPHRYRPGTVALRE,1.2600422018426372,0,False
K9acK14acK18acK27acK36acK37me,ARTKQTARKSTGGKAPRKQLATKAARKSAPSTGGVKKPHRYRPGTVALRE,6.963886432575901,0,False
K4me3K9acK14acK18acK27me2,ARTKQTARKSTGGKAPRKQLATKAARKSAPSTGGVKKPHRYRPGTVALRE,10.269883635729549,0,False
K4me3K9acK14acK18acK36me2,ARTKQTARKSTGGKAPRKQLATKAARKSAPSTGGVKKPHRYRPGTVALRE,1.8971461219301218,0,False
K4me3K9acK14acK18acK23meK27me2,ARTKQTARKSTGGKAPRKQLATKAARKSAPSTGGVKKPHRYRPGTVALRE,8.452173623175291,0,False
K4me3K9acK14acK18acK27ac,ARTKQTARKSTGGKAPRKQLATKAARKSAPATGGVKKPHRYRPGTVALRE,783.4413956022522,4162.65603082633,False
K4me3K9acK14acK18acK23ac,ARTKQTARKSTGGKAPRKQLATKAARKSAPATGGVKKPHRYRPGTVALRE,189.21228150072494,5906.529949474316,False
K4me3K9acK14acK18acK36ac,ARTKQTARKSTGGKAPRKQLATKAARKSAPATGGVKKPHRYRPGTVALRE,3.987885436528617,0,False
K4me3K9acK14me3K18acK23acK27ac,ARTKQTARKSTGGKAPRKQLATKAARKSAPSTGGVKKPHRYRPGTVALRE,11.21665185406523,0,False
K4me3K9acK14acK18acK27acK36ac,ARTKQTARKSTGGKAPRKQLATKAARKSAPSTGGVKKPHRYRPGTVALRE,11.123547864248991,0,False
K4me3K9acK14me3K18meK23acK27ac,ARTKQTARKSTGGKAPRKQLATKAARKSAPATGGVKKPHRYRPGTVALRE,1.6779514511611284,0,False
K4me3K9acK14me3K18acK23meK27ac,ARTKQTARKSTGGKAPRKQLATKAARKSAPATGGVKKPHRYRPGTVALRE,0.35041038461498347,0,False
S10pK18meK27meS28pS31p,ARTKQTARKSTGGKAPRKQLATKAARKSAPSTGGVKKPHRYRPGTVALRE,0.7422604381477478,0,False
K4me3K9meS10pK14acK18acS28p,ARTKQTARKSTGGKAPRKQLATKAARKSAPATGGVKKPHRYRPGTVALRE,2.0341252855615806,0,False
K9acK14acK18me2K23acK27ac,ARTKQTARKSTGGKAPRKQLATKAARKSAPATGGVKKPHRYRPGTVALRE,5.214646499985674,0,False
K9acK14acK18acK23acK27me2,ARTKQTARKSTGGKAPRKQLATKAARKSAPATGGVKKPHRYRPGTVALRE,6.059271601054543,14999.999698305124,False
K4me3K9me3K14acK23me2,ARTKQTARKSTGGKAPRKQLATKAARKSAPATGGVKKPHRYRPGTVALRE,5.292723929173955,0,False
K4me3K9acK14acK18acK23acK36me3,ARTKQTARKSTGGKAPRKQLATKAARKSAPSTGGVKKPHRYRPGTVALRE,2.840994744152949,0,False
S10pK18acK27me2,ARTKQTARKSTGGKAPRKQLATKAARKSAPSTGGVKKPHRYRPGTVALRE,1.8010304012686003,0,False
K4me3S10pK27me,ARTKQTARKSTGGKAPRKQLATKAARKSAPSTGGVKKPHRYRPGTVALRE,2.161445504518629,0,False
K4acK9acK14acK23me2,ARTKQTARKSTGGKAPRKQLATKAARKSAPATGGVKKPHRYRPGTVALRE,0.6657578986524888,0,False
K9acK14acK18acK27ac,ARTKQTARKSTGGKAPRKQLATKAARKSAPATGGVKKPHRYRPGTVALRE,429.4938988587362,2344.831229924067,False
K9acK14acK18acK23ac,ARTKQTARKSTGGKAPRKQLATKAARKSAPATGGVKKPHRYRPGTVALRE,21.610849889909776,0,False
K9acK14acK18acK36ac,ARTKQTARKSTGGKAPRKQLATKAARKSAPATGGVKKPHRYRPGTVALRE,0.6883134024989372,0,False
K9acK14acK18acK23acK27meK36ac,ARTKQTARKSTGGKAPRKQLATKAARKSAPSTGGVKKPHRYRPGTVALRE,2.1886364603115718,0,False
K9acK14acK18acK23meK27me2,ARTKQTARKSTGGKAPRKQLATKAARKSAPSTGGVKKPHRYRPGTVALRE,4.4098558504833765,0,False
K9me2S10pK18meK27me,ARTKQTARKSTGGKAPRKQLATKAARKSAPSTGGVKKPHRYRPGTVALRE,4.766626391645613,0,False
K4me3K9acK14acK23acK27me3,ARTKQTARKSTGGKAPRKQLATKAARKSAPSTGGVKKPHRYRPGTVALRE,2.5819997116683853,0,False
K4me3K9acK14acK18meK23acK27me2,ARTKQTARKSTGGKAPRKQLATKAARKSAPSTGGVKKPHRYRPGTVALRE,2.4434224711029096,0,False
K9acK14acK18acK23me3K27ac,ARTKQTARKSTGGKAPRKQLATKAARKSAPSTGGVKKPHRYRPGTVALRE,7.129293153667415,0,False
K9acK14acK18acK23meK27me2,ARTKQTARKSTGGKAPRKQLATKAARKSAPATGGVKKPHRYRPGTVALRE,0.4580860965967429,0,False
K9acK14acK23meS28p,ARTKQTARKSTGGKAPRKQLATKAARKSAPSTGGVKKPHRYRPGTVALRE,0.46325554609661873,0,False
K4me3K9acK14acK18acK23acK27me2,ARTKQTARKSTGGKAPRKQLATKAARKSAPATGGVKKPHRYRPGTVALRE,2.7504569369963168,0,False
K9acK14acK23meK27me2K36me2K37me3,ARTKQTARKSTGGKAPRKQLATKAARKSAPATGGVKKPHRYRPGTVALRE,3.4838851093318226,0,False
K4me3K9acK14acK18acK23me2K27me2,ARTKQTARKSTGGKAPRKQLATKAARKSAPATGGVKKPHRYRPGTVALRE,1.012169405543133,0,False
K4me3K9acK14acK18acK23acK27me,ARTKQTARKSTGGKAPRKQLATKAARKSAPATGGVKKPHRYRPGTVALRE,0.631922416293449,0,False
K9acK14acK18acK23acK27me,ARTKQTARKSTGGKAPRKQLATKAARKSAPATGGVKKPHRYRPGTVALRE,6.054802721063243,14999.999919944677,False
K9acK14acK18acK23meK27ac,ARTKQTARKSTGGKAPRKQLATKAARKSAPATGGVKKPHRYRPGTVALRE,0.6919077991413226,0,False
K9acK14acK18acK23meK36ac,ARTKQTARKSTGGKAPRKQLATKAARKSAPATGGVKKPHRYRPGTVALRE,1.1902360147004678,0,False
K4me3K9acK14acK18me2K23acK27me2,ARTKQTARKSTGGKAPRKQLATKAARKSAPATGGVKKPHRYRPGTVALRE,0.7751588334990198,0,False
K4me3K9acK14acK18acK23ac,ARTKQTARKSTGGKAPRKQLATKAARKSAPSTGGVKKPHRYRPGTVALRE,3.9992967838138664,0,False
K4me3K9acK14acK18acK27ac,ARTKQTARKSTGGKAPRKQLATKAARKSAPSTGGVKKPHRYRPGTVALRE,2.7358266324721883,0,False
K4me3K9meS10p,ARTKQTARKSTGGKAPRKQLATKAARKSAPSTGGVKKPHRYRPGTVALRE,2.128037680875957,0,False
K9acK14acK18acK36me3K37me,ARTKQTARKSTGGKAPRKQLATKAARKSAPATGGVKKPHRYRPGTVALRE,0.6475005568528931,0,False
K9acK14acK18acK27meK36me3,ARTKQTARKSTGGKAPRKQLATKAARKSAPATGGVKKPHRYRPGTVALRE,0.6406205876682474,0,False
K4me3K9acK14acK23acK27ac,ARTKQTARKSTGGKAPRKQLATKAARKSAPSTGGVKKPHRYRPGTVALRE,5.686907947438843,0,False
K4me3K9acK14acK18acK23me2K27me2,ARTKQTARKSTGGKAPRKQLATKAARKSAPSTGGVKKPHRYRPGTVALRE,12.009123571577483,0,False
K9me2S10pK27me2,ARTKQTARKSTGGKAPRKQLATKAARKSAPSTGGVKKPHRYRPGTVALRE,1.2216356850708614,0,False
K9acK14acK18acK23acK27ac,ARTKQTARKSTGGKAPRKQLATKAARKSAPSTGGVKKPHRYRPGTVALRE,11.03356417070442,0,False
S10pK14meK27me2,ARTKQTARKSTGGKAPRKQLATKAARKSAPSTGGVKKPHRYRPGTVALRE,0.8233740330740003,0,False
K4meS10pK27me2,ARTKQTARKSTGGKAPRKQLATKAARKSAPSTGGVKKPHRYRPGTVALRE,2.4355125316017916,34.551022302588954,False
K9meS10pK27me2,ARTKQTARKSTGGKAPRKQLATKAARKSAPSTGGVKKPHRYRPGTVALRE,2.120121004040956,4578.414656993985,False
K9acK14meK18meK23acK27ac,ARTKQTARKSTGGKAPRKQLATKAARKSAPATGGVKKPHRYRPGTVALRE,1.1344815259381908,0,False
K9meS10pK14meK18meK27me,ARTKQTARKSTGGKAPRKQLATKAARKSAPSTGGVKKPHRYRPGTVALRE,1.9043011516928308,0,False
K4me3S28p,ARTKQTARKSTGGKAPRKQLATKAARKSAPSTGGVKKPHRYRPGTVALRE,0.9543811577185713,0,False
K4me3K9acK14meK18me2,ARTKQTARKSTGGKAPRKQLATKAARKSAPSTGGVKKPHRYRPGTVALRE,1.15839939536152,0,False
K9acK14acK18acK23me2,ARTKQTARKSTGGKAPRKQLATKAARKSAPATGGVKKPHRYRPGTVALRE,2.2446277353607655,0,False
K9acK14acK18acK27me2,ARTKQTARKSTGGKAPRKQLATKAARKSAPATGGVKKPHRYRPGTVALRE,3.3681992037125066,0,False
K9acK14acK18acK23meK27me,ARTKQTARKSTGGKAPRKQLATKAARKSAPATGGVKKPHRYRPGTVALRE,1.326675959810374,0,False
K4me3K9acK14meK18ac,ARTKQTARKSTGGKAPRKQLATKAARKSAPATGGVKKPHRYRPGTVALRE,1.3407929970713486,0,False
K9me2S10pK23meK27me,ARTKQTARKSTGGKAPRKQLATKAARKSAPSTGGVKKPHRYRPGTVALRE,0.6073574155554919,0,False
K4me3K9meS28p,ARTKQTARKSTGGKAPRKQLATKAARKSAPSTGGVKKPHRYRPGTVALRE,0.5019308275485057,0,False
K4me3K9acK18meK23me2,ARTKQTARKSTGGKAPRKQLATKAARKSAPATGGVKKPHRYRPGTVALRE,26.377137072157584,0,False
K9acK14acK23acK27me2,ARTKQTARKSTGGKAPRKQLATKAARKSAPATGGVKKPHRYRPGTVALRE,2.67843540859003,0,False
K14acK18acK23acK27me2,ARTKQTARKSTGGKAPRKQLATKAARKSAPATGGVKKPHRYRPGTVALRE,8.855266916508373,0,False
S10pK18acK27ac,ARTKQTARKSTGGKAPRKQLATKAARKSAPATGGVKKPHRYRPGTVALRE,2.1593132764733434,0,False
K9meS10pK36me2,ARTKQTARKSTGGKAPRKQLATKAARKSAPSTGGVKKPHRYRPGTVALRE,1.2949328188476563,0,False
K4me3K9acK14acK23me,ARTKQTARKSTGGKAPRKQLATKAARKSAPATGGVKKPHRYRPGTVALRE,0.552325416653362,0,False
K4me3K9acK14acK18me,ARTKQTARKSTGGKAPRKQLATKAARKSAPATGGVKKPHRYRPGTVALRE,0.572767810411504,0,False
K4me3K9acK18acK23me,ARTKQTARKSTGGKAPRKQLATKAARKSAPATGGVKKPHRYRPGTVALRE,0.6786172968157795,0,False
K9meS10pK14me2K27me,ARTKQTARKSTGGKAPRKQLATKAARKSAPSTGGVKKPHRYRPGTVALRE,2.2315998073915004,0,False
K4me3K9acK14me3K27me,ARTKQTARKSTGGKAPRKQLATKAARKSAPATGGVKKPHRYRPGTVALRE,1.200809319815313,0,False
K9acK14acS28p,ARTKQTARKSTGGKAPRKQLATKAARKSAPATGGVKKPHRYRPGTVALRE,7.718669948318391,5820.409441664291,False
K9acK14acK18acK23me2K36me2K37me2,ARTKQTARKSTGGKAPRKQLATKAARKSAPSTGGVKKPHRYRPGTVALRE,0.2679512770777062,0,False
K9acK14acK18acK27me2K36me2K37me2,ARTKQTARKSTGGKAPRKQLATKAARKSAPSTGGVKKPHRYRPGTVALRE,9.055232147271681,0,False
S10pK23meK27me2,ARTKQTARKSTGGKAPRKQLATKAARKSAPSTGGVKKPHRYRPGTVALRE,0.270052140912209,0,False
K9acK14acK18acK27acK36me2K37me2,ARTKQTARKSTGGKAPRKQLATKAARKSAPATGGVKKPHRYRPGTVALRE,0.9079224492516085,0,False
S10pK18me2K23me,ARTKQTARKSTGGKAPRKQLATKAARKSAPATGGVKKPHRYRPGTVALRE,0.1017909994490252,0,False
K9acK14acK18acK23me3,ARTKQTARKSTGGKAPRKQLATKAARKSAPATGGVKKPHRYRPGTVALRE,0.7553680626359965,0,False
K4me3K9meS10pK14me2K27me2,ARTKQTARKSTGGKAPRKQLATKAARKSAPSTGGVKKPHRYRPGTVALRE,0.19525192496790778,0,False
K4me3K9acK14acK27me,ARTKQTARKSTGGKAPRKQLATKAARKSAPATGGVKKPHRYRPGTVALRE,0.6741806255545054,0,False
K14meS28p,ARTKQTARKSTGGKAPRKQLATKAARKSAPSTGGVKKPHRYRPGTVALRE,0.6825886876782769,0,False
K9meS10p,ARTKQTARKSTGGKAPRKQLATKAARKSAPSTGGVKKPHRYRPGTVALRE,1.87897582826408,0,False
K4me3S10pK18acK27me2,ARTKQTARKSTGGKAPRKQLATKAARKSAPSTGGVKKPHRYRPGTVALRE,0.9779392986021073,0,False
K4me3S10pK18acK36me2,ARTKQTARKSTGGKAPRKQLATKAARKSAPSTGGVKKPHRYRPGTVALRE,0.277468142304529,0,False
K9acK14acK18me,ARTKQTARKSTGGKAPRKQLATKAARKSAPATGGVKKPHRYRPGTVALRE,4.681868273008757,14999.948569805918,False
K9acK14acK23me,ARTKQTARKSTGGKAPRKQLATKAARKSAPATGGVKKPHRYRPGTVALRE,0.7886472815479837,0,False
K9acK14meK18ac,ARTKQTARKSTGGKAPRKQLATKAARKSAPATGGVKKPHRYRPGTVALRE,0.4990397548255191,0,False
K9acK18acK23me,ARTKQTARKSTGGKAPRKQLATKAARKSAPATGGVKKPHRYRPGTVALRE,0.31697561156307513,0,False
S10pK14me,ARTKQTARKSTGGKAPRKQLATKAARKSAPSTGGVKKPHRYRPGTVALRE,0.25757429572188306,0,False
S10pK23me,ARTKQTARKSTGGKAPRKQLATKAARKSAPSTGGVKKPHRYRPGTVALRE,2.052938775652098,0,False
K9acK14acK18acK23me3,ARTKQTARKSTGGKAPRKQLATKAARKSAPSTGGVKKPHRYRPGTVALRE,0.8054647110375692,0,False
K9acK14acK18acK23me2K27me2,ARTKQTARKSTGGKAPRKQLATKAARKSAPATGGVKKPHRYRPGTVALRE,3.1008963632406097,86.51555442813546,False
K9meS10pK14me,ARTKQTARKSTGGKAPRKQLATKAARKSAPATGGVKKPHRYRPGTVALRE,0.5378776924819034,0,False
K9meS10pK23me,ARTKQTARKSTGGKAPRKQLATKAARKSAPATGGVKKPHRYRPGTVALRE,0.8563924723160203,0,False
K4me3K9acK18meK27me2,ARTKQTARKSTGGKAPRKQLATKAARKSAPSTGGVKKPHRYRPGTVALRE,3.150567138005544,0,False
K23me2S28p,ARTKQTARKSTGGKAPRKQLATKAARKSAPATGGVKKPHRYRPGTVALRE,1.2452597982556226,0,False
K4ac,ARTKQTARKSTGGKAPRKQLATKAARKSAPATGGVKKPHRYRPGTVALRE,1.841219264439255,0,False
K9ac,ARTKQTARKSTGGKAPRKQLATKAARKSAPATGGVKKPHRYRPGTVALRE,95.21408034224622,886.9072938544673,False
K14ac,ARTKQTARKSTGGKAPRKQLATKAARKSAPATGGVKKPHRYRPGTVALRE,149.96673003713977,1815.4719487949856,False
K18ac,ARTKQTARKSTGGKAPRKQLATKAARKSAPATGGVKKPHRYRPGTVALRE,9.857450510200634,0,False
K23ac,ARTKQTARKSTGGKAPRKQLATKAARKSAPATGGVKKPHRYRPGTVALRE,5.736441940577011,725.5870966530988,False
K9acK14acK18acK27me2,ARTKQTARKSTGGKAPRKQLATKAARKSAPSTGGVKKPHRYRPGTVALRE,19.16838961250465,14999.999919172034,False
K9acK14acK18acK23me2,ARTKQTARKSTGGKAPRKQLATKAARKSAPSTGGVKKPHRYRPGTVALRE,1.6058028920047869,0,False
K9acK14acK18acK23meK27me,ARTKQTARKSTGGKAPRKQLATKAARKSAPSTGGVKKPHRYRPGTVALRE,1.0953299462968225,0,False
K9acK14acK18acK27meK36me,ARTKQTARKSTGGKAPRKQLATKAARKSAPSTGGVKKPHRYRPGTVALRE,1.2793522597392013,0,False
K9acK14acK36me,ARTKQTARKSTGGKAPRKQLATKAARKSAPATGGVKKPHRYRPGTVALRE,1.79554304856465,0,False
S10pK14meK23me,ARTKQTARKSTGGKAPRKQLATKAARKSAPATGGVKKPHRYRPGTVALRE,0.6000933980699268,0,False
S10p,ARTKQTARKSTGGKAPRKQLATKAARKSAPSTGGVKKPHRYRPGTVALRE,1.1050190171369048,0,False
S10pK18me,ARTKQTARKSTGGKAPRKQLATKAARKSAPSTGGVKKPHRYRPGTVALRE,2.7599172545433945,0,False
S10pK27me,ARTKQTARKSTGGKAPRKQLATKAARKSAPSTGGVKKPHRYRPGTVALRE,1.0163245668196432,0,False
K9acK14meK27me2,ARTKQTARKSTGGKAPRKQLATKAARKSAPSTGGVKKPHRYRPGTVALRE,2.0189399460780675,0,False
K9meK18acK27me2,ARTKQTARKSTGGKAPRKQLATKAARKSAPSTGGVKKPHRYRPGTVALRE,2.9293900349104094,0,False
K9acK14meK23ac,ARTKQTARKSTGGKAPRKQLATKAARKSAPATGGVKKPHRYRPGTVALRE,0.9827938968424935,0,False
K9acK14meK27ac,ARTKQTARKSTGGKAPRKQLATKAARKSAPATGGVKKPHRYRPGTVALRE,1.7079058346954534,0,False
K9me2K14acK18ac,ARTKQTARKSTGGKAPRKQLATKAARKSAPATGGVKKPHRYRPGTVALRE,0.22004756967728656,0,False
K9acK14acK18me2,ARTKQTARKSTGGKAPRKQLATKAARKSAPATGGVKKPHRYRPGTVALRE,3.637491444230397,0,False
K4me3K9me3K14acK18acK27me2,ARTKQTARKSTGGKAPRKQLATKAARKSAPSTGGVKKPHRYRPGTVALRE,0.33785426327927826,0,False
K14meK18me2,ARTKQTARKSTGGKAPRKQLATKAARKSAPATGGVKKPHRYRPGTVALRE,0.9180260975433169,0,False
S28p,ARTKQTARKSTGGKAPRKQLATKAARKSAPSTGGVKKPHRYRPGTVALRE,6.076790847679829,510.0058820576031,False
K4me3,ARTKQTARKSTGGKAPRKQLATKAARKSAPATGGVKKPHRYRPGTVALRE,321.4302378751877,1742.3608953784724,False
K4me3K9acK23meK27me2,ARTKQTARKSTGGKAPRKQLATKAARKSAPATGGVKKPHRYRPGTVALRE,50.07744898213402,793.9084627574155,False
K4me3K9acK23ac,ARTKQTARKSTGGKAPRKQLATKAARKSAPATGGVKKPHRYRPGTVALRE,2.3179799963945626,0,False
K9meK14acK18ac,ARTKQTARKSTGGKAPRKQLATKAARKSAPATGGVKKPHRYRPGTVALRE,3.0787269230870717,0,False
K4me3K9acS10pS28pS31p,ARTKQTARKSTGGKAPRKQLATKAARKSAPSTGGVKKPHRYRPGTVALRE,2.8826237883722015,0,False
K4me3K9acK14acK18acK23me3K27me3,ARTKQTARKSTGGKAPRKQLATKAARKSAPSTGGVKKPHRYRPGTVALRE,5.7556948173245495,0,False
K4me3K9acK14acK18acK27me3K36ac,ARTKQTARKSTGGKAPRKQLATKAARKSAPSTGGVKKPHRYRPGTVALRE,3.5543064493708565,0,False
K4me3K9acK14acK18acK36me2K37me2,ARTKQTARKSTGGKAPRKQLATKAARKSAPSTGGVKKPHRYRPGTVALRE,4.200982937821098,0,False
K9acK14acK18acK27me2K36me2,ARTKQTARKSTGGKAPRKQLATKAARKSAPSTGGVKKPHRYRPGTVALRE,2.2576325528188406,0,False
K4me3K9acK14acK18me3K23acK27me,ARTKQTARKSTGGKAPRKQLATKAARKSAPSTGGVKKPHRYRPGTVALRE,1.3987802942951486,0,False
K4me3K9me3K14acK18acK23acK27me2,ARTKQTARKSTGGKAPRKQLATKAARKSAPSTGGVKKPHRYRPGTVALRE,2.6399821142529514,0,False
K4me3K9acK14acK18acK23acK27me2,ARTKQTARKSTGGKAPRKQLATKAARKSAPSTGGVKKPHRYRPGTVALRE,5.373741915151287,0,False
K4me3K9acK14acK18acK23me2K27ac,ARTKQTARKSTGGKAPRKQLATKAARKSAPSTGGVKKPHRYRPGTVALRE,1.2356219677907276,0,False
K4me3K9acK14acK18acK27me,ARTKQTARKSTGGKAPRKQLATKAARKSAPATGGVKKPHRYRPGTVALRE,1.214811649334411,0,False
K4me3K9acK14acK18acK23me,ARTKQTARKSTGGKAPRKQLATKAARKSAPATGGVKKPHRYRPGTVALRE,2.041732236186864,0,False
K4me3K9acK14me2K18acK23acK27ac,ARTKQTARKSTGGKAPRKQLATKAARKSAPSTGGVKKPHRYRPGTVALRE,2.224799957022313,0,False
K4me3K9acK14acK18me2K23me,ARTKQTARKSTGGKAPRKQLATKAARKSAPATGGVKKPHRYRPGTVALRE,0.39938606043864494,0,False
K4me3K9acK14acK18ac,ARTKQTARKSTGGKAPRKQLATKAARKSAPATGGVKKPHRYRPGTVALRE,493.5438231441603,2289.2429607233817,False
K4me3K9acK14acK23ac,ARTKQTARKSTGGKAPRKQLATKAARKSAPATGGVKKPHRYRPGTVALRE,39.00237836399483,0,False
K4me3S10pK18acK23me2K27me2S28p,ARTKQTARKSTGGKAPRKQLATKAARKSAPATGGVKKPHRYRPGTVALRE,0.4863590596413881,0,False
K4me3K9acK14me3K18acK23acK27me2,ARTKQTARKSTGGKAPRKQLATKAARKSAPSTGGVKKPHRYRPGTVALRE,1.8566263415121522,0,False
K9acK14acK18acK23acK36meK37me2,ARTKQTARKSTGGKAPRKQLATKAARKSAPSTGGVKKPHRYRPGTVALRE,6.315902245156689,0,False
K4me3K9acK14acK18me3K23me3K27ac,ARTKQTARKSTGGKAPRKQLATKAARKSAPSTGGVKKPHRYRPGTVALRE,1.76747477815932,0,False
K4me3K9acK14acK23acK27me,ARTKQTARKSTGGKAPRKQLATKAARKSAPATGGVKKPHRYRPGTVALRE,2.4580420649521084,0,False
K9acK14acK18me3K23acK27me,ARTKQTARKSTGGKAPRKQLATKAARKSAPSTGGVKKPHRYRPGTVALRE,2.4668156332250435,0,False
K4me3K9acK14acK23acK27me2,ARTKQTARKSTGGKAPRKQLATKAARKSAPATGGVKKPHRYRPGTVALRE,0.9610631524091905,0,False
K9acK14acK23me2,ARTKQTARKSTGGKAPRKQLATKAARKSAPSTGGVKKPHRYRPGTVALRE,5.854669632291294,0,False
K9acK14acK27me2,ARTKQTARKSTGGKAPRKQLATKAARKSAPSTGGVKKPHRYRPGTVALRE,1.9405105622119003,0,False
K9acK14acK18ac,ARTKQTARKSTGGKAPRKQLATKAARKSAPATGGVKKPHRYRPGTVALRE,367.5960831057671,1979.128328559346,False
K4me3K9acK23acK27me,ARTKQTARKSTGGKAPRKQLATKAARKSAPATGGVKKPHRYRPGTVALRE,1.200809319815313,0,False
K4acK9acK14me2K18meK23me2,ARTKQTARKSTGGKAPRKQLATKAARKSAPATGGVKKPHRYRPGTVALRE,2.60611044979827,0,False
K9acK14acK18acK23me,ARTKQTARKSTGGKAPRKQLATKAARKSAPATGGVKKPHRYRPGTVALRE,1.6018928091411129,0,False
K9acK14acK18me3K23ac,ARTKQTARKSTGGKAPRKQLATKAARKSAPSTGGVKKPHRYRPGTVALRE,2.312052316423966,0,False
K4me3K9acK14acK23ac,ARTKQTARKSTGGKAPRKQLATKAARKSAPSTGGVKKPHRYRPGTVALRE,3.553484857082996,0,False
K4me3K9acK14acK23meK27me2,ARTKQTARKSTGGKAPRKQLATKAARKSAPATGGVKKPHRYRPGTVALRE,61.90764774789875,491.6605837084146,False
K9acK14acK23meK27me2,ARTKQTARKSTGGKAPRKQLATKAARKSAPSTGGVKKPHRYRPGTVALRE,1.0792838380755725,0,False
K4me3K9acK14meK23me2,ARTKQTARKSTGGKAPRKQLATKAARKSAPSTGGVKKPHRYRPGTVALRE,1.601111391429397,0,False
K9acK14acK23me2,ARTKQTARKSTGGKAPRKQLATKAARKSAPATGGVKKPHRYRPGTVALRE,3.7590659109362132,0,False
K9acK18acK23me2,ARTKQTARKSTGGKAPRKQLATKAARKSAPATGGVKKPHRYRPGTVALRE,0.40958836969756757,0,False
K4me3K9acS10p,ARTKQTARKSTGGKAPRKQLATKAARKSAPATGGVKKPHRYRPGTVALRE,3.111256625975302,0,False
K14acK18acK23me2,ARTKQTARKSTGGKAPRKQLATKAARKSAPATGGVKKPHRYRPGTVALRE,4.2897540231307465,0,False
K23meK27me2,ARTKQTARKSTGGKAPRKQLATKAARKSAPSTGGVKKPHRYRPGTVALRE,1.3118864157815961,0,False
K4me3K9acK14acK23me3,ARTKQTARKSTGGKAPRKQLATKAARKSAPATGGVKKPHRYRPGTVALRE,13.40959223484443,0,False
K9acK18me,ARTKQTARKSTGGKAPRKQLATKAARKSAPATGGVKKPHRYRPGTVALRE,1.0815417148744957,0,False
K9ac,ARTKQTARKSTGGKAPRKQLATKAARKSAPSTGGVKKPHRYRPGTVALRE,1.201182849376377,0,False
K4me3K9acK14acK23me2,ARTKQTARKSTGGKAPRKQLATKAARKSAPSTGGVKKPHRYRPGTVALRE,3.2150913177163845,0,False
K4me3K9acK14me,ARTKQTARKSTGGKAPRKQLATKAARKSAPATGGVKKPHRYRPGTVALRE,1.0904519880689603,0,False
K4me3K9acK18me,ARTKQTARKSTGGKAPRKQLATKAARKSAPATGGVKKPHRYRPGTVALRE,0.5897314270098801,0,False
K4me3K9meK23ac,ARTKQTARKSTGGKAPRKQLATKAARKSAPATGGVKKPHRYRPGTVALRE,0.5948735432058014,0,False
K4me3S10pK23me2,ARTKQTARKSTGGKAPRKQLATKAARKSAPSTGGVKKPHRYRPGTVALRE,0.4472952767344168,0,False
K4me3S10pK23meK27me,ARTKQTARKSTGGKAPRKQLATKAARKSAPSTGGVKKPHRYRPGTVALRE,1.3791370157829588,0,False
K9meK14ac,ARTKQTARKSTGGKAPRKQLATKAARKSAPATGGVKKPHRYRPGTVALRE,3.4410716731763076,58.90111774715666,False
K14acK18me,ARTKQTARKSTGGKAPRKQLATKAARKSAPATGGVKKPHRYRPGTVALRE,3.3912339233482967,0,False
K4me3K18meK23ac,ARTKQTARKSTGGKAPRKQLATKAARKSAPATGGVKKPHRYRPGTVALRE,1.6083571739035507,0,False
K14acK23me,ARTKQTARKSTGGKAPRKQLATKAARKSAPATGGVKKPHRYRPGTVALRE,2.4375101853473775,70.1544643273215,False
K18acK23me,ARTKQTARKSTGGKAPRKQLATKAARKSAPATGGVKKPHRYRPGTVALRE,1.0073231953962027,0,False
K4me3K9meS10pK27meS28pS31p,ARTKQTARKSTGGKAPRKQLATKAARKSAPSTGGVKKPHRYRPGTVALRE,0.9216436142543352,0,False
K4acK9me,ARTKQTARKSTGGKAPRKQLATKAARKSAPATGGVKKPHRYRPGTVALRE,0.5294904374518726,0,False
K4me3K9acK14acS28p,ARTKQTARKSTGGKAPRKQLATKAARKSAPSTGGVKKPHRYRPGTVALRE,0.13985001469707925,0,False
K4me3K9acK14acK27acK36me2K37me2,ARTKQTARKSTGGKAPRKQLATKAARKSAPATGGVKKPHRYRPGTVALRE,2.284898828780115,0,False
K4me3K9acK14acK23me3K36me2K37me2,ARTKQTARKSTGGKAPRKQLATKAARKSAPSTGGVKKPHRYRPGTVALRE,0.25371957045204196,0,False
K4me3K9acK14acK23acK36me2K37me2,ARTKQTARKSTGGKAPRKQLATKAARKSAPSTGGVKKPHRYRPGTVALRE,5.949714517025136,0,False
K4me3K9acK14acK23acK27acK36ac,ARTKQTARKSTGGKAPRKQLATKAARKSAPSTGGVKKPHRYRPGTVALRE,1.8674028804909515,0,False
K9acK14acK27acK36meK37me2,ARTKQTARKSTGGKAPRKQLATKAARKSAPSTGGVKKPHRYRPGTVALRE,2.0134054127009335,0,False
K9acK14acK27me2K36me2K37me2,ARTKQTARKSTGGKAPRKQLATKAARKSAPSTGGVKKPHRYRPGTVALRE,2.0468702830987695,0,False
K4me3K9acK14acK23me2K27me2,ARTKQTARKSTGGKAPRKQLATKAARKSAPSTGGVKKPHRYRPGTVALRE,2.8747985168082435,0,False
K4me3K9acK14acK36me2K37me2,ARTKQTARKSTGGKAPRKQLATKAARKSAPSTGGVKKPHRYRPGTVALRE,8.124479555916606,0,False
K4me3K9acK14acK27me2K36me2,ARTKQTARKSTGGKAPRKQLATKAARKSAPSTGGVKKPHRYRPGTVALRE,2.4687152978498847,0,False
K4me3K9acK14acK23acK27me3K36ac,ARTKQTARKSTGGKAPRKQLATKAARKSAPSTGGVKKPHRYRPGTVALRE,2.7920417181176767,0,False
K4me3K9acK14acK27me2K36me2K37me2,ARTKQTARKSTGGKAPRKQLATKAARKSAPSTGGVKKPHRYRPGTVALRE,2.0929184545783777,0,False
K4me3K9acK14acK23me2K36me2K37me2,ARTKQTARKSTGGKAPRKQLATKAARKSAPSTGGVKKPHRYRPGTVALRE,3.7337625654739517,0,False
K4me3K9acK14acK23acK27acK36me2,ARTKQTARKSTGGKAPRKQLATKAARKSAPSTGGVKKPHRYRPGTVALRE,0.5938071604568556,0,False
K9acK14acK27me2K36me2,ARTKQTARKSTGGKAPRKQLATKAARKSAPSTGGVKKPHRYRPGTVALRE,2.674484863198461,0,False
K9acK14acK36me2K37me2,ARTKQTARKSTGGKAPRKQLATKAARKSAPSTGGVKKPHRYRPGTVALRE,7.194662439211479,0,False
K4me3K9acK14acK23acK27meK36me2,ARTKQTARKSTGGKAPRKQLATKAARKSAPSTGGVKKPHRYRPGTVALRE,9.086473960133842,0,False
K9acK14acK23me2K27me2,ARTKQTARKSTGGKAPRKQLATKAARKSAPSTGGVKKPHRYRPGTVALRE,1.8069975072144981,0,False
K4me3K9acK14acK36meK37me2,ARTKQTARKSTGGKAPRKQLATKAARKSAPSTGGVKKPHRYRPGTVALRE,1.9825696068930183,0,False
K4me3K9acK14acK27meK36me2,ARTKQTARKSTGGKAPRKQLATKAARKSAPSTGGVKKPHRYRPGTVALRE,6.349946796579403,0,False
K4me3K9acK14acK27me3,ARTKQTARKSTGGKAPRKQLATKAARKSAPSTGGVKKPHRYRPGTVALRE,1.5590465115485586,0,False
K4me3K9acK14acK23meK27me2,ARTKQTARKSTGGKAPRKQLATKAARKSAPSTGGVKKPHRYRPGTVALRE,3.3617933828823494,0,False
K4me3K9acK14acK18me2K23acK27ac,ARTKQTARKSTGGKAPRKQLATKAARKSAPSTGGVKKPHRYRPGTVALRE,0.6606656119910239,0,False
K4me3K9acK14ac,ARTKQTARKSTGGKAPRKQLATKAARKSAPATGGVKKPHRYRPGTVALRE,217.91860461927348,1059.2942423501859,False
K4me3K9acK18ac,ARTKQTARKSTGGKAPRKQLATKAARKSAPATGGVKKPHRYRPGTVALRE,0.9721630842988227,0,False
K9acK23me2,ARTKQTARKSTGGKAPRKQLATKAARKSAPSTGGVKKPHRYRPGTVALRE,4.100076978862598,0,False
K9acK14ac,ARTKQTARKSTGGKAPRKQLATKAARKSAPATGGVKKPHRYRPGTVALRE,208.65224029096206,1179.7751902455548,False
K9acK18ac,ARTKQTARKSTGGKAPRKQLATKAARKSAPATGGVKKPHRYRPGTVALRE,0.20204073835779682,0,False
K9acK14ac,ARTKQTARKSTGGKAPRKQLATKAARKSAPSTGGVKKPHRYRPGTVALRE,3.163558442394099,0,False
K9acK14acK23me2K27me2,ARTKQTARKSTGGKAPRKQLATKAARKSAPATGGVKKPHRYRPGTVALRE,0.9603224467507948,0,False
K9acK14acK23acK27me,ARTKQTARKSTGGKAPRKQLATKAARKSAPATGGVKKPHRYRPGTVALRE,2.1067522927423963,0,False
K14acK23me2,ARTKQTARKSTGGKAPRKQLATKAARKSAPATGGVKKPHRYRPGTVALRE,7.770774471671643,1062.70824875963,False
K14acK18acK23me2K27me2,ARTKQTARKSTGGKAPRKQLATKAARKSAPATGGVKKPHRYRPGTVALRE,0.8583207562982651,0,False
K9acK14me2,ARTKQTARKSTGGKAPRKQLATKAARKSAPATGGVKKPHRYRPGTVALRE,2.4497669455816258,0,False
K9acK18me2,ARTKQTARKSTGGKAPRKQLATKAARKSAPATGGVKKPHRYRPGTVALRE,1.0322387687910601,0,False
K14acK18me2,ARTKQTARKSTGGKAPRKQLATKAARKSAPATGGVKKPHRYRPGTVALRE,0.39911457009374807,0,False
S10pK27ac,ARTKQTARKSTGGKAPRKQLATKAARKSAPSTGGVKKPHRYRPGTVALRE,3.8227937394430738,0,False
K9acK14acK18me3K23me,ARTKQTARKSTGGKAPRKQLATKAARKSAPATGGVKKPHRYRPGTVALRE,0.48274530509861074,0,False
K4me3K9acK27me2K36me2K37me2,ARTKQTARKSTGGKAPRKQLATKAARKSAPSTGGVKKPHRYRPGTVALRE,1.3460861374495132,0,False
K4me3K9acK23meK27me2K36me2K37me2,ARTKQTARKSTGGKAPRKQLATKAARKSAPSTGGVKKPHRYRPGTVALRE,0.9864677692981821,0,False
K4me3K9acK23me3K36me2K37me2,ARTKQTARKSTGGKAPRKQLATKAARKSAPSTGGVKKPHRYRPGTVALRE,4.574057813980817,0,False
K4me3K9acK23acK36me2K37me2,ARTKQTARKSTGGKAPRKQLATKAARKSAPSTGGVKKPHRYRPGTVALRE,1.609856206000204,0,False
K4me3K9acK18acK23acK27me2,ARTKQTARKSTGGKAPRKQLATKAARKSAPATGGVKKPHRYRPGTVALRE,4.5538319368438875,0,False
K4me3K9acK23acK27acK36me,ARTKQTARKSTGGKAPRKQLATKAARKSAPATGGVKKPHRYRPGTVALRE,0.6547091783182994,0,False
K4me3K9acK18me3K23acK27ac,ARTKQTARKSTGGKAPRKQLATKAARKSAPSTGGVKKPHRYRPGTVALRE,4.467310820101963,0,False
K4me3K9acK18acK23acK27ac,ARTKQTARKSTGGKAPRKQLATKAARKSAPSTGGVKKPHRYRPGTVALRE,2.095758354147678,0,False
K4me3K9acK27me2K36me2,ARTKQTARKSTGGKAPRKQLATKAARKSAPSTGGVKKPHRYRPGTVALRE,5.259452733673869,0,False
K4me3K9acK23meK27me3,ARTKQTARKSTGGKAPRKQLATKAARKSAPSTGGVKKPHRYRPGTVALRE,2.9096326628878924,0,False
K4me3K9acK23acK27me2K36me2,ARTKQTARKSTGGKAPRKQLATKAARKSAPSTGGVKKPHRYRPGTVALRE,3.1550485713909913,0,False
K4me3K9acK23acK27me2K36me2K37me2,ARTKQTARKSTGGKAPRKQLATKAARKSAPSTGGVKKPHRYRPGTVALRE,3.5953354277433953,0,False
K14acK27me2K36me2,ARTKQTARKSTGGKAPRKQLATKAARKSAPSTGGVKKPHRYRPGTVALRE,1.4171776041090958,0,False
K14acK36me2K37me2,ARTKQTARKSTGGKAPRKQLATKAARKSAPSTGGVKKPHRYRPGTVALRE,4.683611692483183,0,False
K4me3K9acK23me2K36me2K37me2,ARTKQTARKSTGGKAPRKQLATKAARKSAPSTGGVKKPHRYRPGTVALRE,3.1814507003164363,0,False
K4me3K9acK23acK27me2,ARTKQTARKSTGGKAPRKQLATKAARKSAPATGGVKKPHRYRPGTVALRE,2.8334651867029077,0,False
K14acK23me2K27me2,ARTKQTARKSTGGKAPRKQLATKAARKSAPSTGGVKKPHRYRPGTVALRE,4.7883311848205174,0,False
K14acK23acK27me,ARTKQTARKSTGGKAPRKQLATKAARKSAPSTGGVKKPHRYRPGTVALRE,0.9513355673591188,0,False
K4me3K9acK23meK27me2,ARTKQTARKSTGGKAPRKQLATKAARKSAPSTGGVKKPHRYRPGTVALRE,11.19144087367223,0,False
K4me3K9acK23me2K27me,ARTKQTARKSTGGKAPRKQLATKAARKSAPSTGGVKKPHRYRPGTVALRE,2.2081335517149707,0,False
K4me3K9acK23me3,ARTKQTARKSTGGKAPRKQLATKAARKSAPATGGVKKPHRYRPGTVALRE,64.21347256260158,685.2256646966754,False
K14acK23acK27me2,ARTKQTARKSTGGKAPRKQLATKAARKSAPATGGVKKPHRYRPGTVALRE,3.981565300999621,0,False
K4me3K9me3K14acK18acK23ac,ARTKQTARKSTGGKAPRKQLATKAARKSAPATGGVKKPHRYRPGTVALRE,0.4758335110295198,0,False
K27ac,ARTKQTARKSTGGKAPRKQLATKAARKSAPATGGVKKPHRYRPGTVALRE,128.16316929825624,865.0592420239204,False
K4me3K9acK18acK23me2K27me2,ARTKQTARKSTGGKAPRKQLATKAARKSAPATGGVKKPHRYRPGTVALRE,4.478670725494937,0,False
S10pK36me2K37me2,ARTKQTARKSTGGKAPRKQLATKAARKSAPSTGGVKKPHRYRPGTVALRE,5.62108812305319,0,False
K4me3K9acK23me2K27me2,ARTKQTARKSTGGKAPRKQLATKAARKSAPATGGVKKPHRYRPGTVALRE,0.7166312428484554,0,False
K18acK23acK27me2,ARTKQTARKSTGGKAPRKQLATKAARKSAPATGGVKKPHRYRPGTVALRE,3.1236474806224237,0,False
K4me3K9ac,ARTKQTARKSTGGKAPRKQLATKAARKSAPATGGVKKPHRYRPGTVALRE,168.80368713883843,1525.6713759677589,False
K4me3K9acK23ac,ARTKQTARKSTGGKAPRKQLATKAARKSAPSTGGVKKPHRYRPGTVALRE,3.007683673604128,0,False
K4me3K9acS28p,ARTKQTARKSTGGKAPRKQLATKAARKSAPSTGGVKKPHRYRPGTVALRE,2.0902308844333635,0,False
K18acK23meK27me2,ARTKQTARKSTGGKAPRKQLATKAARKSAPSTGGVKKPHRYRPGTVALRE,4.972896632486008,0,False
K18acK23me2K27me2,ARTKQTARKSTGGKAPRKQLATKAARKSAPSTGGVKKPHRYRPGTVALRE,1.0741757733534634,0,False
K14acK18me2K23me2,ARTKQTARKSTGGKAPRKQLATKAARKSAPSTGGVKKPHRYRPGTVALRE,0.3266028465337406,0,False
K4me3K9acK23me2,ARTKQTARKSTGGKAPRKQLATKAARKSAPATGGVKKPHRYRPGTVALRE,1.1500522957190404,0,False
K27acK36me2K37me2,ARTKQTARKSTGGKAPRKQLATKAARKSAPSTGGVKKPHRYRPGTVALRE,2.3563201185686378,0,False
K14acK23me,ARTKQTARKSTGGKAPRKQLATKAARKSAPSTGGVKKPHRYRPGTVALRE,1.4566872807438462,0,False
K14me3,ARTKQTARKSTGGKAPRKQLATKAARKSAPATGGVKKPHRYRPGTVALRE,22.458746484179034,14999.999999989386,False
K23me2K27me2S28p,ARTKQTARKSTGGKAPRKQLATKAARKSAPSTGGVKKPHRYRPGTVALRE,3.0347046024385484,0,False
S10pK14acK18me,ARTKQTARKSTGGKAPRKQLATKAARKSAPATGGVKKPHRYRPGTVALRE,1.040407971621004,0,False
K23me3K27me2S28p,ARTKQTARKSTGGKAPRKQLATKAARKSAPATGGVKKPHRYRPGTVALRE,0.24441918344467575,0,False
K36me2K37me2,ARTKQTARKSTGGKAPRKQLATKAARKSAPSTGGVKKPHRYRPGTVALRE,14.968336698028502,1316.397165249745,False
K23me2K27me2,ARTKQTARKSTGGKAPRKQLATKAARKSAPSTGGVKKPHRYRPGTVALRE,2.3713872760692145,0,False
S10pK18me,ARTKQTARKSTGGKAPRKQLATKAARKSAPATGGVKKPHRYRPGTVALRE,1.831124215364671,0,False
K9meS10p,ARTKQTARKSTGGKAPRKQLATKAARKSAPATGGVKKPHRYRPGTVALRE,0.9495308015332511,0,False
S10pK14me,ARTKQTARKSTGGKAPRKQLATKAARKSAPATGGVKKPHRYRPGTVALRE,1.0172663757201632,0,False
S10pK23me,ARTKQTARKSTGGKAPRKQLATKAARKSAPATGGVKKPHRYRPGTVALRE,2.3373999105619636,0,False
S10pK27me,ARTKQTARKSTGGKAPRKQLATKAARKSAPATGGVKKPHRYRPGTVALRE,0.5727369452761396,0,False
S10pK36me,ARTKQTARKSTGGKAPRKQLATKAARKSAPATGGVKKPHRYRPGTVALRE,0.15056153151715235,0,False
K14ac,ARTKQTARKSTGGKAPRKQLATKAARKSAPSTGGVKKPHRYRPGTVALRE,4.345137400930108,7180.283349841873,False
K18ac,ARTKQTARKSTGGKAPRKQLATKAARKSAPSTGGVKKPHRYRPGTVALRE,1.236509225288608,0,False
K23ac,ARTKQTARKSTGGKAPRKQLATKAARKSAPSTGGVKKPHRYRPGTVALRE,0.3988335591598333,0,False
K9me,ARTKQTARKSTGGKAPRKQLATKAARKSAPSTGGVKKPHRYRPGTVALRE,2.5516302611644583,0,False
K14me,ARTKQTARKSTGGKAPRKQLATKAARKSAPSTGGVKKPHRYRPGTVALRE,1.7570195974616305,0,False
K4me3K9acK27me2,ARTKQTARKSTGGKAPRKQLATKAARKSAPSTGGVKKPHRYRPGTVALRE,0.9981291088240943,0,False
K4me3K9acK23me2,ARTKQTARKSTGGKAPRKQLATKAARKSAPSTGGVKKPHRYRPGTVALRE,0.573406188926551,0,False
K4me3S10p,ARTKQTARKSTGGKAPRKQLATKAARKSAPATGGVKKPHRYRPGTVALRE,0.8387424039772641,0,False
S10pK37me,ARTKQTARKSTGGKAPRKQLATKAARKSAPATGGVKKPHRYRPGTVALRE,0.09206678306589465,0,False
K23me2K27me2,ARTKQTARKSTGGKAPRKQLATKAARKSAPATGGVKKPHRYRPGTVALRE,0.41592199913205996,0,False
S28pK36me,ARTKQTARKSTGGKAPRKQLATKAARKSAPATGGVKKPHRYRPGTVALRE,0.6293186120005728,0,False
K23meS28p,ARTKQTARKSTGGKAPRKQLATKAARKSAPATGGVKKPHRYRPGTVALRE,4.584569580809147,44.79677410834932,False
K4me3S28p,ARTKQTARKSTGGKAPRKQLATKAARKSAPATGGVKKPHRYRPGTVALRE,1.1674365457972904,0,False
K27me3,ARTKQTARKSTGGKAPRKQLATKAARKSAPATGGVKKPHRYRPGTVALRE,2.6601548411476825,0,False
K23me2,ARTKQTARKSTGGKAPRKQLATKAARKSAPATGGVKKPHRYRPGTVALRE,0.4094209916003178,0,False
K9me2K14meS28p,ARTKQTARKSTGGKAPRKQLATKAARKSAPATGGVKKPHRYRPGTVALRE,0.07446805583629978,0,False
K23meK27me2,ARTKQTARKSTGGKAPRKQLATKAARKSAPATGGVKKPHRYRPGTVALRE,1.3310358713411183,0,False
K14meK23me2,ARTKQTARKSTGGKAPRKQLATKAARKSAPSTGGVKKPHRYRPGTVALRE,0.24183674288673962,0,False
K27acK36acK37me,ARTKQTARKSTGGKAPRKQLATKAARKSAPSTGGVKKPHRYRPGTVALRE,0.3574035643643885,0,False
K4me3K23acK27me2K36me2K37me2,ARTKQTARKSTGGKAPRKQLATKAARKSAPSTGGVKKPHRYRPGTVALRE,5.245794105083926,0,False
K4me3K27acK36me2K37me2,ARTKQTARKSTGGKAPRKQLATKAARKSAPATGGVKKPHRYRPGTVALRE,2.642093515991334,0,False
K4me3K23me3K36me2K37me2,ARTKQTARKSTGGKAPRKQLATKAARKSAPSTGGVKKPHRYRPGTVALRE,1.1035301678200182,0,False
K4me3K23acK27me2K36me2,ARTKQTARKSTGGKAPRKQLATKAARKSAPSTGGVKKPHRYRPGTVALRE,3.2842033464286295,0,False
K4me3K23acK36me2K37me2,ARTKQTARKSTGGKAPRKQLATKAARKSAPSTGGVKKPHRYRPGTVALRE,3.9861612885690576,0,False
K9meK14me2K23acK27me2,ARTKQTARKSTGGKAPRKQLATKAARKSAPATGGVKKPHRYRPGTVALRE,6.906248786661677,0,False
K4meK36me2K37me2,ARTKQTARKSTGGKAPRKQLATKAARKSAPSTGGVKKPHRYRPGTVALRE,6.547789396665385,0,False
K4me3K18me3K23acK27ac,ARTKQTARKSTGGKAPRKQLATKAARKSAPSTGGVKKPHRYRPGTVALRE,1.4169765968345087,0,False
K4me3K18acK23meK27me2,ARTKQTARKSTGGKAPRKQLATKAARKSAPSTGGVKKPHRYRPGTVALRE,6.0807750222241665,0,False
K4me3K18acK23ac,ARTKQTARKSTGGKAPRKQLATKAARKSAPSTGGVKKPHRYRPGTVALRE,6.518998521243777,0,False
K9meK14me2K23me2K27me2,ARTKQTARKSTGGKAPRKQLATKAARKSAPSTGGVKKPHRYRPGTVALRE,1.3059746674541006,0,False
K9meK36me2K37me2,ARTKQTARKSTGGKAPRKQLATKAARKSAPSTGGVKKPHRYRPGTVALRE,4.261435606926866,0,False
K4me3K23acK27ac,ARTKQTARKSTGGKAPRKQLATKAARKSAPSTGGVKKPHRYRPGTVALRE,13.928704424075624,0,False
K27acK36me2,ARTKQTARKSTGGKAPRKQLATKAARKSAPATGGVKKPHRYRPGTVALRE,0.7172551869466576,0,False
K27meK36meK37me2,ARTKQTARKSTGGKAPRKQLATKAARKSAPSTGGVKKPHRYRPGTVALRE,3.50054828992353,0,False
K23acK27ac,ARTKQTARKSTGGKAPRKQLATKAARKSAPSTGGVKKPHRYRPGTVALRE,3.120001747637314,0,False
K9meK18me2K23me2K27me2,ARTKQTARKSTGGKAPRKQLATKAARKSAPSTGGVKKPHRYRPGTVALRE,6.115440408185579,0,False
K4me3K23me3K27ac,ARTKQTARKSTGGKAPRKQLATKAARKSAPSTGGVKKPHRYRPGTVALRE,4.844870815036425,0,False
K4me3K23meK27me2,ARTKQTARKSTGGKAPRKQLATKAARKSAPATGGVKKPHRYRPGTVALRE,39.04424983774107,930.0310402185381,False
K4me3K23me3,ARTKQTARKSTGGKAPRKQLATKAARKSAPATGGVKKPHRYRPGTVALRE,39.54424268794727,475.50562034071885,False
K23acK27me,ARTKQTARKSTGGKAPRKQLATKAARKSAPSTGGVKKPHRYRPGTVALRE,1.266029270313895,0,False
K14meK23acK27ac,ARTKQTARKSTGGKAPRKQLATKAARKSAPSTGGVKKPHRYRPGTVALRE,7.322716818428115,0,False
K18meK23acK27ac,ARTKQTARKSTGGKAPRKQLATKAARKSAPSTGGVKKPHRYRPGTVALRE,4.888394955521084,0,False
K9meK23acK27ac,ARTKQTARKSTGGKAPRKQLATKAARKSAPSTGGVKKPHRYRPGTVALRE,2.2232430336021154,0,False
K23acK27me2,ARTKQTARKSTGGKAPRKQLATKAARKSAPATGGVKKPHRYRPGTVALRE,7.080333409560563,14999.999999999998,False
K9me3K23acK27ac,ARTKQTARKSTGGKAPRKQLATKAARKSAPSTGGVKKPHRYRPGTVALRE,2.450655354714523,0,False
K14meK27me,ARTKQTARKSTGGKAPRKQLATKAARKSAPATGGVKKPHRYRPGTVALRE,0.773185921761896,0,False
K9meK27me,ARTKQTARKSTGGKAPRKQLATKAARKSAPATGGVKKPHRYRPGTVALRE,1.114422950119568,0,False
K4me3K23meK27me2,ARTKQTARKSTGGKAPRKQLATKAARKSAPSTGGVKKPHRYRPGTVALRE,1.2809844265242176,0,False
K9me3,ARTKQTARKSTGGKAPRKQLATKAARKSAPATGGVKKPHRYRPGTVALRE,7.720111117886676,0,False
K4me3K23me2K27me,ARTKQTARKSTGGKAPRKQLATKAARKSAPATGGVKKPHRYRPGTVALRE,15.868801071002078,0,False
K14meK18me2K23me2,ARTKQTARKSTGGKAPRKQLATKAARKSAPATGGVKKPHRYRPGTVALRE,0.9296265129896937,0,False
K4me3K23ac,ARTKQTARKSTGGKAPRKQLATKAARKSAPSTGGVKKPHRYRPGTVALRE,3.9807396202391514,0,False
Unmodified,ARTKQTARKSTGGKAPRKQLATKAARKSAPATGGVKKPHRYRPGTVALRE,130.03911930193556,811.9448305748664,False
K4me3K23ac,ARTKQTARKSTGGKAPRKQLATKAARKSAPATGGVKKPHRYRPGTVALRE,9.005783148448748,14999.999999982858,False
K14meK18me,ARTKQTARKSTGGKAPRKQLATKAARKSAPATGGVKKPHRYRPGTVALRE,3.030888727314215,0,False
K14me2K18me,ARTKQTARKSTGGKAPRKQLATKAARKSAPATGGVKKPHRYRPGTVALRE,6.669178135106409,0,False
K23me2K27ac,ARTKQTARKSTGGKAPRKQLATKAARKSAPATGGVKKPHRYRPGTVALRE,0.24115644304386716,0,False
K23me2K27meK36me2,ARTKQTARKSTGGKAPRKQLATKAARKSAPATGGVKKPHRYRPGTVALRE,0.3255794215915061,0,False
K23meK27me2K36me2,ARTKQTARKSTGGKAPRKQLATKAARKSAPATGGVKKPHRYRPGTVALRE,0.13721458706141385,0,False
K18me2K23ac,ARTKQTARKSTGGKAPRKQLATKAARKSAPATGGVKKPHRYRPGTVALRE,0.2544643454190226,0,False
K23me2K27me,ARTKQTARKSTGGKAPRKQLATKAARKSAPATGGVKKPHRYRPGTVALRE,0.28377645869177176,0,False
K4me3K9me3K14acK18me3K23acK27me2,ARTKQTARKSTGGKAPRKQLATKAARKSAPSTGGVKKPHRYRPGTVALRE,0.2730050207094374,0,False
K4me3K9me3K14meK18acK23me2K27me2,ARTKQTARKSTGGKAPRKQLATKAARKSAPSTGGVKKPHRYRPGTVALRE,0.45456134803829884,0,False
K9me3K14me3K18acK23meK27me2K36me2,ARTKQTARKSTGGKAPRKQLATKAARKSAPSTGGVKKPHRYRPGTVALRE,1.005526913606759,0,False
S10pK14meS28p,ARTKQTARKSTGGKAPRKQLATKAARKSAPATGGVKKPHRYRPGTVALRE,0.6614422310064741,0,False
S10pK27meS28p,ARTKQTARKSTGGKAPRKQLATKAARKSAPATGGVKKPHRYRPGTVALRE,3.4834156828700866,0,False
K9meS10pS28p,ARTKQTARKSTGGKAPRKQLATKAARKSAPATGGVKKPHRYRPGTVALRE,3.148334751840496,0,False
K9me3K14me3K18acK23acK27me2,ARTKQTARKSTGGKAPRKQLATKAARKSAPSTGGVKKPHRYRPGTVALRE,1.3706659373350094,0,False
K9me3K14me3K18acK23me2K27ac,ARTKQTARKSTGGKAPRKQLATKAARKSAPSTGGVKKPHRYRPGTVALRE,0.22314337346591395,0,False
K9me3K14acK18acK23me2K27ac,ARTKQTARKSTGGKAPRKQLATKAARKSAPSTGGVKKPHRYRPGTVALRE,0.25954670359258214,0,False
K4meK18acK23acK27me2,ARTKQTARKSTGGKAPRKQLATKAARKSAPSTGGVKKPHRYRPGTVALRE,0.6368746389730251,0,False
K9acK14acK18acK23acK27me2,ARTKQTARKSTGGKAPRKQLATKAARKSAPSTGGVKKPHRYRPGTVALRE,0.27986289677146253,0,False
K9me3K14me2K18acK23acK27ac,ARTKQTARKSTGGKAPRKQLATKAARKSAPSTGGVKKPHRYRPGTVALRE,0.34264620029502996,0,False
K18acK23acK27ac,ARTKQTARKSTGGKAPRKQLATKAARKSAPSTGGVKKPHRYRPGTVALRE,0.42677675664131903,0,False
K14meK18acK23acK27me2,ARTKQTARKSTGGKAPRKQLATKAARKSAPSTGGVKKPHRYRPGTVALRE,0.23555436338487737,0,False
K4me3K18acK23acK27acK36me2K37me2,ARTKQTARKSTGGKAPRKQLATKAARKSAPSTGGVKKPHRYRPGTVALRE,0.2095041315715379,0,False
K4meK23acK27acK36me2K37me2,ARTKQTARKSTGGKAPRKQLATKAARKSAPSTGGVKKPHRYRPGTVALRE,0.0352035343687597,0,False
K4meK18acK23me2K27meK36me2K37me2,ARTKQTARKSTGGKAPRKQLATKAARKSAPSTGGVKKPHRYRPGTVALRE,1.0498973883877414,0,False
K4meK18acK23meK27me2K36me2K37me2,ARTKQTARKSTGGKAPRKQLATKAARKSAPSTGGVKKPHRYRPGTVALRE,0.10745263077314535,0,False
K4me3K18acK23me2K27meK36me2K37me2,ARTKQTARKSTGGKAPRKQLATKAARKSAPSTGGVKKPHRYRPGTVALRE,0.35896996997184744,0,False
K4meK18me2K23acK27meK36me2K37me2,ARTKQTARKSTGGKAPRKQLATKAARKSAPSTGGVKKPHRYRPGTVALRE,0.7625185624410276,0,False
K9me3K23acK27me3K36me2K37me2,ARTKQTARKSTGGKAPRKQLATKAARKSAPSTGGVKKPHRYRPGTVALRE,1.4878639850617565,0,False
K4meK18me2K23acK27me2K36meK37me2,ARTKQTARKSTGGKAPRKQLATKAARKSAPSTGGVKKPHRYRPGTVALRE,1.6141370544075389,0,False
K23acK27acK36me2K37me2,ARTKQTARKSTGGKAPRKQLATKAARKSAPSTGGVKKPHRYRPGTVALRE,0.5549719100635006,0,False
K9me3K23acK27acK36me2K37me2,ARTKQTARKSTGGKAPRKQLATKAARKSAPSTGGVKKPHRYRPGTVALRE,1.131813380865931,0,False
K4me3K23acK27acK36me2K37me2,ARTKQTARKSTGGKAPRKQLATKAARKSAPSTGGVKKPHRYRPGTVALRE,1.0366959784320566,0,False
K4meK23me3K27acK36me2K37me2,ARTKQTARKSTGGKAPRKQLATKAARKSAPSTGGVKKPHRYRPGTVALRE,0.05926826272277901,0,False
K18meK23acK27acK36me2K37me2,ARTKQTARKSTGGKAPRKQLATKAARKSAPATGGVKKPHRYRPGTVALRE,0.2482947925872012,0,False
K14meK23acK27acK36me2K37me2,ARTKQTARKSTGGKAPRKQLATKAARKSAPATGGVKKPHRYRPGTVALRE,2.981312716929822,0,False
K4meS10pS28p,ARTKQTARKSTGGKAPRKQLATKAARKSAPATGGVKKPHRYRPGTVALRE,0.8964271057773903,0,False
